{
  "total_traces": 1265657,
  "earthquake_traces": 1030231,
  "noise_traces": 235426,
  "unique_events": 441705,
  "unique_stations": 2597,
  "magnitude_types": {
    "ml": 724824,
    "md": 239233,
    "mb": 43174,
    "mw": 7284,
    "mb_lg": 5420,
    "mpv": 4668,
    "mwr": 1804,
    "mh": 1482,
    "mn": 519,
    "mpva": 312,
    "h": 266,
    "ms": 255,
    "mlg": 231,
    "mlv": 220,
    "m": 122,
    "mww": 105,
    "mg": 84,
    "mdl": 76,
    "mblg": 63,
    "mbr": 27,
    "mlr": 22,
    "none": 17,
    "mc": 13,
    "mwc": 7,
    "mwb": 3
  },
  "magnitude_overall": {
    "count": 1030231,
    "min": -0.5,
    "p05": 0.3,
    "median": 1.3,
    "mean": 1.5260002465466491,
    "p95": 3.52,
    "max": 7.9
  },
  "magnitude_binned_overall": {
    "M2.5-3.5": 106904,
    "M3.5-4.5": 52367,
    "M4.5-5.5": 7186,
    "M5.5-6.5": 433,
    "M6.5+": 39
  },
  "depth_summary_km": {
    "count": 1030182,
    "min": -3.49,
    "median": 8.47,
    "mean": 15.654730358325036,
    "p95": 71.6,
    "max": 341.74
  },
  "snr_summary_db": {
    "count": 1029449,
    "min": -9.833333016666664,
    "median": 24.833333333333332,
    "mean": 26.858305428322826,
    "p95": 51.13333384,
    "max": 119.93333435
  },
  "by_country": {
    "US": {
      "total_traces": 939661,
      "earthquake_traces": 939661,
      "unique_events": 398247,
      "unique_stations": 1811,
      "magnitude_summary": {
        "count": 939661,
        "min": -0.5,
        "p05": 0.3,
        "median": 1.23,
        "mean": 1.4039731349923008,
        "p95": 3.2,
        "max": 7.9
      },
      "magnitude_binned": {
        "M2.5-3.5": 75233,
        "M3.5-4.5": 30329,
        "M4.5-5.5": 3528,
        "M5.5-6.5": 230,
        "M6.5+": 22
      }
    },
    "GR": {
      "total_traces": 17087,
      "earthquake_traces": 17087,
      "unique_events": 6181,
      "unique_stations": 79,
      "magnitude_summary": {
        "count": 17087,
        "min": 1.0,
        "p05": 2.0,
        "median": 3.5,
        "mean": 3.320460584069761,
        "p95": 4.5,
        "max": 6.9
      },
      "magnitude_binned": {
        "M2.5-3.5": 6345,
        "M3.5-4.5": 7733,
        "M4.5-5.5": 875,
        "M5.5-6.5": 38,
        "M6.5+": 2
      }
    },
    "CA": {
      "total_traces": 10667,
      "earthquake_traces": 10667,
      "unique_events": 4689,
      "unique_stations": 279,
      "magnitude_summary": {
        "count": 10667,
        "min": 0.0,
        "p05": 0.9,
        "median": 1.6,
        "mean": 1.8499643761132465,
        "p95": 3.74,
        "max": 6.6
      },
      "magnitude_binned": {
        "M2.5-3.5": 1357,
        "M3.5-4.5": 531,
        "M4.5-5.5": 160,
        "M5.5-6.5": 35,
        "M6.5+": 1
      }
    },
    "MX": {
      "total_traces": 10437,
      "earthquake_traces": 10437,
      "unique_events": 4456,
      "unique_stations": 104,
      "magnitude_summary": {
        "count": 10437,
        "min": 0.5,
        "p05": 1.39,
        "median": 2.7,
        "mean": 2.630188751556961,
        "p95": 3.8919999999999892,
        "max": 5.7
      },
      "magnitude_binned": {
        "M2.5-3.5": 5462,
        "M3.5-4.5": 1084,
        "M4.5-5.5": 120,
        "M5.5-6.5": 2,
        "M6.5+": 0
      }
    },
    "PR": {
      "total_traces": 6221,
      "earthquake_traces": 6221,
      "unique_events": 2532,
      "unique_stations": 26,
      "magnitude_summary": {
        "count": 6221,
        "min": 0.94,
        "p05": 1.84,
        "median": 2.83,
        "mean": 2.805632534962225,
        "p95": 3.7,
        "max": 6.3
      },
      "magnitude_binned": {
        "M2.5-3.5": 3896,
        "M3.5-4.5": 530,
        "M4.5-5.5": 57,
        "M5.5-6.5": 8,
        "M6.5+": 0
      }
    },
    "ZA": {
      "total_traces": 4908,
      "earthquake_traces": 4908,
      "unique_events": 3069,
      "unique_stations": 14,
      "magnitude_summary": {
        "count": 4908,
        "min": 0.3,
        "p05": 1.2,
        "median": 1.7,
        "mean": 1.7496373268133658,
        "p95": 2.4,
        "max": 4.9
      },
      "magnitude_binned": {
        "M2.5-3.5": 153,
        "M3.5-4.5": 6,
        "M4.5-5.5": 1,
        "M5.5-6.5": 0,
        "M6.5+": 0
      }
    },
    "IT": {
      "total_traces": 4458,
      "earthquake_traces": 4458,
      "unique_events": 1588,
      "unique_stations": 209,
      "magnitude_summary": {
        "count": 4458,
        "min": 0.3,
        "p05": 1.8,
        "median": 2.8,
        "mean": 2.8626940331987436,
        "p95": 3.8,
        "max": 5.5
      },
      "magnitude_binned": {
        "M2.5-3.5": 2194,
        "M3.5-4.5": 947,
        "M4.5-5.5": 56,
        "M5.5-6.5": 4,
        "M6.5+": 0
      }
    },
    "CL": {
      "total_traces": 3939,
      "earthquake_traces": 3939,
      "unique_events": 2378,
      "unique_stations": 22,
      "magnitude_summary": {
        "count": 3939,
        "min": 2.4,
        "p05": 3.1,
        "median": 4.0,
        "mean": 4.052366082762123,
        "p95": 5.1,
        "max": 7.7
      },
      "magnitude_binned": {
        "M2.5-3.5": 650,
        "M3.5-4.5": 2273,
        "M4.5-5.5": 975,
        "M5.5-6.5": 34,
        "M6.5+": 6
      }
    },
    "CN": {
      "total_traces": 3747,
      "earthquake_traces": 3747,
      "unique_events": 2138,
      "unique_stations": 60,
      "magnitude_summary": {
        "count": 3747,
        "min": 0.1,
        "p05": 0.6,
        "median": 1.4,
        "mean": 1.8451160928742993,
        "p95": 4.0,
        "max": 5.4
      },
      "magnitude_binned": {
        "M2.5-3.5": 325,
        "M3.5-4.5": 625,
        "M4.5-5.5": 32,
        "M5.5-6.5": 0,
        "M6.5+": 0
      }
    },
    "KZ": {
      "total_traces": 2929,
      "earthquake_traces": 2929,
      "unique_events": 1933,
      "unique_stations": 29,
      "magnitude_summary": {
        "count": 2929,
        "min": 0.0,
        "p05": 0.7,
        "median": 1.6,
        "mean": 1.8260874018436328,
        "p95": 3.8,
        "max": 6.2
      },
      "magnitude_binned": {
        "M2.5-3.5": 312,
        "M3.5-4.5": 276,
        "M4.5-5.5": 31,
        "M5.5-6.5": 1,
        "M6.5+": 0
      }
    },
    "TR": {
      "total_traces": 2692,
      "earthquake_traces": 2692,
      "unique_events": 1691,
      "unique_stations": 71,
      "magnitude_summary": {
        "count": 2692,
        "min": 1.1,
        "p05": 1.9,
        "median": 2.8,
        "mean": 2.8995653789004456,
        "p95": 4.0,
        "max": 5.8
      },
      "magnitude_binned": {
        "M2.5-3.5": 1622,
        "M3.5-4.5": 470,
        "M4.5-5.5": 34,
        "M5.5-6.5": 2,
        "M6.5+": 0
      }
    },
    "NZ": {
      "total_traces": 2129,
      "earthquake_traces": 2129,
      "unique_events": 1336,
      "unique_stations": 8,
      "magnitude_summary": {
        "count": 2129,
        "min": 2.8,
        "p05": 3.2,
        "median": 4.0,
        "mean": 4.014861437294505,
        "p95": 5.0,
        "max": 6.7
      },
      "magnitude_binned": {
        "M2.5-3.5": 267,
        "M3.5-4.5": 1476,
        "M4.5-5.5": 354,
        "M5.5-6.5": 26,
        "M6.5+": 6
      }
    },
    "RU": {
      "total_traces": 1886,
      "earthquake_traces": 1886,
      "unique_events": 1472,
      "unique_stations": 27,
      "magnitude_summary": {
        "count": 1886,
        "min": 0.9,
        "p05": 1.9,
        "median": 3.1,
        "mean": 3.1873435843054083,
        "p95": 4.5,
        "max": 6.3
      },
      "magnitude_binned": {
        "M2.5-3.5": 758,
        "M3.5-4.5": 643,
        "M4.5-5.5": 90,
        "M5.5-6.5": 12,
        "M6.5+": 0
      }
    },
    "KG": {
      "total_traces": 1803,
      "earthquake_traces": 1803,
      "unique_events": 855,
      "unique_stations": 18,
      "magnitude_summary": {
        "count": 1803,
        "min": 1.4,
        "p05": 2.3,
        "median": 3.4,
        "mean": 3.3171270105379924,
        "p95": 4.3,
        "max": 5.4
      },